Age,Number of sexual partners,First sexual intercourse,Num of pregnancies,Smokes,Smokes (years),Smokes (packs/year),Hormonal Contraceptives,Hormonal Contraceptives (years),IUD,IUD (years),STDs,STDs (number),STDs:condylomatosis,STDs:cervical condylomatosis,STDs:vaginal condylomatosis,STDs:vulvo-perineal condylomatosis,STDs:syphilis,STDs:pelvic inflammatory disease,STDs:genital herpes,STDs:molluscum contagiosum,STDs:AIDS,STDs:HIV,STDs:Hepatitis B,STDs:HPV,STDs: Number of diagnosis,STDs: Time since first diagnosis,STDs: Time since last diagnosis,Dx:Cancer,Dx:CIN,Dx:HPV,Dx,Hinselmann,Schiller,Citology,Biopsy
18,4.0,15.0,1.0,0.0,0.0,0.0,0.0,0.0,0.0,0.0,0.0,0.0,0.0,0.0,0.0,0.0,0.0,0.0,0.0,0.0,0.0,0.0,0.0,0.0,0,0,0,0,0,0,0,0,0,0,0
52,5.0,16.0,4.0,1.0,37.0,37.0,1.0,3.0,0.0,0.0,0.0,0.0,0.0,0.0,0.0,0.0,0.0,0.0,0.0,0.0,0.0,0.0,0.0,0.0,0,0,0,1,0,1,0,0,0,0,0
51,3.0,17.0,6.0,1.0,34.0,3.4,0.0,0.0,1.0,7.0,0.0,0.0,0.0,0.0,0.0,0.0,0.0,0.0,0.0,0.0,0.0,0.0,0.0,0.0,0,0,0,0,0,0,0,1,1,0,1
45,1.0,20.0,5.0,0.0,0.0,0.0,0.0,0.0,0.0,0.0,0.0,0.0,0.0,0.0,0.0,0.0,0.0,0.0,0.0,0.0,0.0,0.0,0.0,0,0,0,1,0,1,1,0,0,0,0
40,1.0,18.0,1.0,0.0,0.0,0.0,1.0,0.25,0.0,0.0,1.0,2.0,1.0,0.0,0.0,1.0,0.0,0.0,0.0,0.0,0.0,0.0,0.0,0.0,1,2.0,2.0,0,0,0,0,0,1,1,1
40,1.0,20.0,2.0,0.0,0.0,0.0,1.0,15.0,0.0,0.0,0.0,0.0,0.0,0.0,0.0,0.0,0.0,0.0,0.0,0.0,0.0,0.0,0.0,0.0,0,0,0,1,0,1,0,1,1,0,1
37,2.0,18.0,3.0,0.0,0.0,0.0,0.0,0.0,0.0,0.0,1.0,1.0,0.0,0.0,0.0,0.0,0.0,0.0,0.0,0.0,0.0,1.0,0.0,0.0,1,15.0,15.0,0,1,0,1,0,1,0,1
37,3.0,19.0,3.0,1.0,12.0,6.0,1.0,13.0,0.0,0.0,0.0,0.0,0.0,0.0,0.0,0.0,0.0,0.0,0.0,0.0,0.0,0.0,0.0,0.0,0,0,0,0,0,0,0,0,1,0,1
38,2.0,15.0,4.0,0.0,0.0,0.0,1.0,16.0,0.0,0.0,0.0,0.0,0.0,0.0,0.0,0.0,0.0,0.0,0.0,0.0,0.0,0.0,0.0,0.0,0,0,0,1,0,1,0,0,1,0,1
28,2.0,17.0,2.0,0.0,0.0,0.0,1.0,9.0,0.0,0.0,0.0,0.0,0.0,0.0,0.0,0.0,0.0,0.0,0.0,0.0,0.0,0.0,0.0,0.0,0,0,0,0,0,0,0,1,1,0,1
27,5.0,19.0,2.0,0.0,0.0,0.0,1.0,3.0,0.0,0.0,0.0,0.0,0.0,0.0,0.0,0.0,0.0,0.0,0.0,0.0,0.0,0.0,0.0,0.0,0,0,0,1,0,1,1,0,0,1,0
28,2.0,19.0,2.0,0.0,0.0,0.0,1.0,0.42,1.0,3.0,1.0,2.0,1.0,0.0,0.0,1.0,0.0,0.0,0.0,0.0,0.0,0.0,0.0,0.0,1,7.0,7.0,0,0,0,0,1,1,0,1
25,3.0,17.0,2.0,0.0,0.0,0.0,1.0,0.08,0.0,0.0,0.0,0.0,0.0,0.0,0.0,0.0,0.0,0.0,0.0,0.0,0.0,0.0,0.0,0.0,0,0,0,0,0,0,0,1,1,1,1
30,1.0,17.0,3.0,0.0,0.0,0.0,1.0,4.0,0.0,0.0,0.0,0.0,0.0,0.0,0.0,0.0,0.0,0.0,0.0,0.0,0.0,0.0,0.0,0.0,0,0,0,0,0,0,0,1,1,0,1
29,3.0,17.0,3.0,1.0,10.0,2.0,1.0,6.0,0.0,0.0,0.0,0.0,0.0,0.0,0.0,0.0,0.0,0.0,0.0,0.0,0.0,0.0,0.0,0.0,0,0,0,0,0,0,0,1,1,0,1
24,2.0,18.0,4.0,0.0,0.0,0.0,0.0,0.0,0.0,0.0,1.0,1.0,0.0,0.0,0.0,0.0,0.0,0.0,0.0,0.0,0.0,0.0,1.0,0.0,0.0,1,4.0,4.0,0,0,0,0,1,1,0,1
22,3.0,17.0,1.0,0.0,0.0,0.0,0.0,0.0,0.0,0.0,1.0,2.0,1.0,0.0,0.0,1.0,0.0,0.0,0.0,0.0,0.0,0.0,0.0,0.0,0.0,0,0,0,0,0,0,0,1,1,0,1
22,2.0,15.0,2.0,1.0,5.0,1.25,1.0,6.0,0.0,0.0,0.0,0.0,0.0,0.0,0.0,0.0,0.0,0.0,0.0,0.0,0.0,0.0,0.0,0.0,0,0,0,0,0,0,0,0,1,0,1
29,2.0,18.0,4.0,0.0,0.0,0.0,0.0,0.0,0.0,0.0,0.0,0.0,0.0,0.0,0.0,0.0,0.0,0.0,0.0,0.0,0.0,0.0,0.0,0.0,0,0,0,1,0,1,1,0,1,1,1
20,2.0,14.0,4.0,1.0,3.0,3.0,1.0,0.5,0.0,0.0,0.0,0.0,0.0,0.0,0.0,0.0,0.0,0.0,0.0,0.0,0.0,0.0,0.0,0.0,0,0,0,0,0,0,0,0,0,0,1
19,2.0,15.0,3.0,0.0,0.0,0.0,1.0,0.58,0.0,0.0,0.0,0.0,0.0,0.0,0.0,0.0,0.0,0.0,0.0,0.0,0.0,0.0,0.0,0.0,0,0,0,0,0,0,0,1,1,0,1
17,2.0,15.0,1.0,0.0,0.0,0.0,0.0,0.0,0.0,0.0,0.0,0.0,0.0,0.0,0.0,0.0,0.0,0.0,0.0,0.0,0.0,0.0,0.0,0.0,0,0,0,0,0,0,0,1,1,0,1
18,7.0,16.0,1.0,1.0,5.0,5.0,1.0,2.0,0.0,0.0,1.0,2.0,1.0,0.0,0.0,1.0,0.0,0.0,0.0,0.0,0.0,0.0,0.0,0.0,0.0,1,3.0,3.0,0,0,0,0,0,0,0,0
31,3.0,19.0,1.0,0.0,0.0,0.0,0.0,0.0,1.0,7.0,0.0,0.0,0.0,0.0,0.0,0.0,0.0,0.0,0.0,0.0,0.0,0.0,0.0,0.0,0,0,0,1,0,0,1,0,0,0,0
19,1.0,18.0,1.0,0.0,0.0,0.0,1.0,1.0,0.0,0.0,0.0,0.0,0.0,0.0,0.0,0.0,0.0,0.0,0.0,0.0,0.0,0.0,0.0,0.0,0,0,0,1,0,1,1,1,1,1,1
21,2.0,18.0,3.0,0.0,0.0,0.0,0.0,0.0,1.0,3.0,0.0,0.0,0.0,0.0,0.0,0.0,0.0,0.0,0.0,0.0,0.0,0.0,0.0,0.0,0,0,0,1,0,1,1,1,1,0,1
34,2.0,17.0,3.0,0.0,0.0,0.0,1.0,9.0,1.0,6.0,0.0,0.0,0.0,0.0,0.0,0.0,0.0,0.0,0.0,0.0,0.0,0.0,0.0,0.0,0,0,0,0,0,0,0,0,1,0,1
27,6.0,17.0,2.0,0.0,0.0,0.0,0.0,0.0,0.0,0.0,0.0,0.0,0.0,0.0,0.0,0.0,0.0,0.0,0.0,0.0,0.0,0.0,0.0,0.0,0,0,0,1,0,1,1,0,0,0,0
28,2.0,19.0,2.0,1.0,1.26,0.51,0.0,0.0,0.0,0.0,1.0,2.0,1.0,0.0,0.0,1.0,0.0,0.0,0.0,0.0,0.0,0.0,0.0,0.0,0.0,1,3.0,3.0,0,0,0,0,0,1,0,1
